coronavirus_market,coronavirus_economy,coronavirus_growth_economy_outbreak,coronavirus_recession_economy,says_depression_coronavirus_economy,warns_recession_coronavirus,crisis_economy_coronavirus_lockdown,coronavirus_potential_case_economy,lawmaker_coronavirus_economy_factor,nan
Coronavirus Fears Spread: What Are The Market Implications ? ,Latin America faces 'lost decade' from coronavirus GDP drop,Coronavirus To Hurt Economic Growth In Many Countries: Moodys,Coronavirus and the latest indicators for the UK economy and society: 4 June 2020,Trump says US economy could take hit from coronavirus,Fed Chair Powell warns of prolonged U.S. recession after coronavirus,Coronavirus crisis: Lockdown batters India's already slowing economy,CORONAVIRUS: Best and worst case scenarios for global economy,Iranian Lawmaker: Hang Those Who Knowingly Spread Coronavirus,
When The Coronavirus Outbreak Creates A Panic Buying Boom For Your Product,The economic fallout of coronavirus,Fed chairman: Coronavirus 'likely' to hinder economic growth in China,Coronavirus: Evening update as UK faces 'significant recession' BBC News,UPDATE 1 Trump says economy could take hit from coronavirus,"Coronavirus recession may already be here, market strategist says",Can extending India's lockdown stop coronavirus ? ,GnS: Coronavirus Has The Potential To Trigger A Global Depression,"Iran's economy a factor in coronavirus response, President Rouhani says",
European yields extend falls as investors assess coronavirus impact,Coronavirus: Atwoli in plea for rescue of economy,Coronavirus Outbreak Could Damage China's Economy: Sri Mulyani,Coronavirus and the latest indicators for the UK economy and society: 18 June 2020,Can Trump Avoid a Post Coronavirus Great Depression ? ,Global recession risks have risen due to coronavirus Moody's,Coronavirus: Is it too early to ease lockdown restrictions in India ? DW 01.06.2020,Coronavirus recession: How bad it could get and what it means for you,Iran to use 20% of state budget to fight coronavirus,
Commercial brokers say coronavirus not having a big impact yet,Coronavirus: Eight charts on how it has shaken economies,Wuhan coronavirus to have minimum effect on Ukraine's economy ministry,Singapore economy forecast to shrink 0.8% in 2020 from coronavirus hit: SP,Trump vows coronavirus ravaged economy will 'bounce' back,Recession Risks: Coronavirus + Oil Shock + What Else ? ,India coronavirus lockdown day 6 ICMR denies community transmission,,,
Covid 19 Coronavirus: NZ stockmarket dips back on the rollercoaster,"The Economic Hit From Coronavirus Will Be Worst Since The Great Depression, IMF Warns",Why Coronavirus outbreak in China is bad news for economy,UK economy shrinks 2% in first quarter on coronavirus,Trump says economy could take hit from coronavirus,Big banks bracing for coronavirus to cause first recession in 29 years,,,,
Tesla Faces Coronavirus Cash Crunch,'Coronavirus a very convenient excuse' for poor economy,What is the economic impact of China's coronavirus outbreak ? ,Coronavirus causes slump in Chinese travel: study,Trump: Apple's Tim Cook sees coronavirus V shaped economic recovery,,,,,
Warren Buffett Sells Airline Stocks Amid Coronavirus: 'I Made A Mistake',Philippine central bank ready to support growth amid coronavirus outbreak,How Hard Will the Wuhan Coronavirus Hit Chinese Stocks ? ,Coronavirus: UK inflation rate falls to 0.5%,,,,,,
Two Scenarios For How Coronavirus Will Impact The Market,Coronavirus pandemic triggers huge contraction in eurozone economy,Coronavirus outbreak in China and its impact on economic slowdown,,,,,,,
Agricultural Commodities May Be Misreading The Coronavirus,Coronavirus and the economy.,Coronavirus To Thwart Africas Industrial Development Due To Chinas Slowdown UNIDO,,,,,,,
Global Stocks Jump On Easing Coronavirus Crisis,Carney: How To Respond to the Coronavirus Economic Emergency,,,,,,,,
Coronavirus continues to 'spook investors',"The Economic Impact of Coronavirus, by the Numbers",,,,,,,,
Shilling drops after first coronavirus case,Covering the Economy During the Coronavirus Pandemic,,,,,,,,
Coronavirus: the questionable 'essential' items for sale on Trade Me,GRAPHIC Coronavirus and the global economy,,,,,,,,
financial companies prep for new normal amid coronavirus outbreak,"Coronavirus may destroy 40% of the US economy, officials say",,,,,,,,
"Coronavirus Could Send Stocks Down Another 10% Or More, History Shows",The Federal Reserve mentioned coronavirus 48 times in its economic survey,,,,,,,,
Weekly Edge: Investors Proceed With Caution As Coronavirus Spreads,The economic impact of coronavirus in five charts,,,,,,,,
Fear of coronavirus second wave stalks stock markets Reuters,Spanish economy feels pain of coronavirus,,,,,,,,
Risk Off Returns As Coronavirus Cases Spike,,,,,,,,,
Steel pricing among emerging coronavirus questions,,,,,,,,,
11 things that are cheaper due to the coronavirus,,,,,,,,,
CRU: Coronavirus Putting Pressure on Iron Ore Prices,,,,,,,,,
Market organizers watch coronavirus with unease,,,,,,,,,
Coronavirus Worries Overshadow Align Technology's Solid Q4 Earnings,,,,,,,,,
U.S. financial companies prep for new normal amid coronavirus outbreak,,,,,,,,,
8 Markets To Watch If The Coronavirus Outbreak Worsens,,,,,,,,,
Here's How Short Sellers Are Playing The China Coronavirus Outbreak,,,,,,,,,
Bitcoin crosses $9k as coronavirus concerns grow,,,,,,,,,
WHO Coronavirus Emergency Could Devastate The Stock Market,,,,,,,,,
Coronavirus the data weighing most heavily on markets,,,,,,,,,
Coronavirus Erases Guidance From 40% of S&P 500,,,,,,,,,
Kinross Gold: Coronavirus Scare Will Lead To Buying Opportunity,,,,,,,,,
Coronavirus Infects Bond Yields,,,,,,,,,
"BTC Price Back at $9,000 But No, Coronavirus Isn't 'Good for Bitcoin'",,,,,,,,,
Markets in turmoil after coronavirus stokes fears over growth,,,,,,,,,
